,70<=BG<=180,BG>180,BG<70,BG>250,BG<50,LBGI,HBGI,Risk Index
adult#010,70.29506570790974,29.704934292090257,0.0,16.141829903297793,0.0,0.18815419599722183,9.003962442247964,9.192116638245185
adult#009,55.76493925117778,34.24249938011406,9.992561368708158,19.414827671708405,0.9174311926605505,1.689054892498022,11.751268172050835,13.440323064548855
adult#006,70.93974708653607,29.060252913463923,0.0,18.621373667245226,0.0,0.05934316129115999,10.5045890329278,10.56393219421896
child#003,51.1033969749566,37.788246962558894,11.108356062484503,24.745846764195388,3.1738160178527153,2.858575971459478,16.09923952183278,18.957815493292248
child#008,35.283907760971985,45.846764195388054,18.86932804363997,37.639474336722046,14.257376642697745,11.441323814851978,28.373578911540488,39.81490272639243
child#004,70.047111331515,23.25812050582693,6.694768162658072,13.215968261839823,1.239771881973717,1.8810565555248187,7.4921675541127275,9.373224109637553
adolescent#003,67.07165881477808,32.928341185221925,0.0,19.83635011157947,0.0,0.046363757273801,11.810803224781724,11.857166982055528
adolescent#002,50.75626084800396,43.962310934788,5.281428217208034,22.68782544011902,0.12397718819737169,0.9989313629752561,15.732250546758658,16.73118190973392
adolescent#008,58.21968757748574,41.18522191916688,0.5950905033473841,22.73741631539797,0.0,0.6079591601677053,14.109197121795669,14.717156281963364
