,70<=BG<=180,BG>180,BG<70,BG>250,BG<50,LBGI,HBGI,Risk Index
adult#009,65.90627324572279,18.993305231837343,15.100421522439872,1.1405901314158196,1.8844532606000497,2.712538236708703,3.6847941341072947,6.397332370815997
