,70<=BG<=180,BG>180,BG<70,BG>250,BG<50,LBGI,HBGI,Risk Index
adult#009,66.25340937267543,16.29060252913464,17.455988098189934,0.5207041904289611,4.487974212744855,3.496319109231728,3.5587349005745184,7.055054009806246
