,70<=BG<=180,BG>180,BG<70,BG>250,BG<50,LBGI,HBGI,Risk Index
adult#010,70.93974708653607,29.060252913463923,0.0,15.89387552690305,0.0,0.19330394119128952,8.800134017816385,8.993437959007673
adult#009,56.484006942722544,33.39945450037193,10.11653855690553,18.720555417803126,1.462930820728986,1.8441696734540645,11.337159230390577,13.181328903844644
adult#006,72.32829159434664,27.671708405653362,0.0,17.852715100421523,0.0,0.06016834457340345,9.986858621842291,10.047026966415691
child#003,51.4009422266303,37.019588395735184,11.579469377634515,24.150756260848006,3.7193156459211507,4.40218585020414,15.650502740983464,20.052688591187607
child#008,34.66402181998512,45.54921894371436,19.786759236300522,37.292338209769405,15.15001239771882,14.217139327370784,27.961594561914975,42.178733889285795
child#004,67.5427721299281,22.58864368956112,9.868584180510787,12.943218447805604,1.7852715100421523,2.3800081409609004,7.21031957440613,9.590327715367026
adolescent#003,69.2784527646913,30.721547235308705,0.0,19.067691544755768,0.0,0.04638665330162602,11.207087446692057,11.253474099993687
adolescent#002,50.38432928341186,42.74733449045376,6.868336226134391,22.19191668732953,0.12397718819737169,1.1322475176862312,15.40025122319804,16.53249874088428
adolescent#008,58.49243739151996,40.788494916935285,0.7190676915447558,22.4150756260848,0.0,0.6370963662656957,13.878131960272924,14.515228326538626
