,Loop_TIR,Loop_TAR,Loop_TBR,Loop_RiskIndex,Adaptive_TIR,Adaptive_TAR,Adaptive_TBR,Adaptive_RiskIndex,Delta_TIR,Delta_TAR,Delta_TBR,Delta_RiskIndex
adult#001,92.04066451772874,7.959335482271262,0.0,2.8620592105389058,93.8259360277709,6.17406397222911,0.0,2.462216398168867,1.7852715100421506,-1.7852715100421523,0.0,-0.3998428123700388
