,70<=BG<=180,BG>180,BG<70,BG>250,BG<50,LBGI,HBGI,Risk Index
adult#001,93.8259360277709,6.17406397222911,0.0,0.0,0.0,0.48905195844916965,1.9731644397196972,2.462216398168867
