,70<=BG<=180,BG>180,BG<70,BG>250,BG<50,LBGI,HBGI,Risk Index
adult#010,70.93974708653607,29.060252913463923,0.0,15.968261839821473,0.0,0.20482968528242862,8.811815060290906,9.016644745573334
adult#009,56.16166625340937,33.37465906273246,10.463674683858171,18.8445326060005,1.3637490701710886,1.875924945867762,11.393088264371272,13.269013210239017
adult#006,72.30349615670717,27.696503843292835,0.0,17.877510538061,0.0,0.05855262247379708,10.023876602326062,10.082429224799858
child#003,51.35135135135135,37.3915199603273,11.25712868832135,24.3491197619638,3.6201338953632534,3.7887045495323535,15.796603991017992,19.585308540550344
child#008,34.713612695264075,45.59880981899331,19.687577485742626,37.44111083560625,15.075626084800398,13.673929252669232,28.05754062616218,41.73146987883143
child#004,71.08851971237293,22.142325812050583,6.769154475576494,12.844036697247708,1.165385569055294,1.8514560504045499,7.165594380527925,9.01705043093248
adolescent#003,69.32804363997025,30.671956360029757,0.0,19.04289610711629,0.0,0.047137215093888844,11.173558677478356,11.220695892572246
adolescent#002,50.359533845772376,42.87131167865113,6.769154475576494,22.216712124969007,0.12397718819737169,1.1184609361521496,15.449423824044205,16.56788476019635
adolescent#008,58.566823704438384,40.96206298041161,0.4711133151500124,22.539052814282172,0.0,0.6278651386776932,13.952115495855836,14.579980634533516
