,70<=BG<=180,BG>180,BG<70,BG>250,BG<50,LBGI,HBGI,Risk Index
adult#010,70.31986114554923,29.68013885445078,0.0,16.06744359037937,0.0,0.15980376743184282,9.052928228710343,9.212731996142185
adult#009,56.18646169104885,33.820976940243,9.992561368708158,19.09248698239524,1.2149764443342426,1.731162043866183,11.57438866348934,13.305550707355513
adult#006,72.55145053310191,27.448549466898093,0.0,18.150260352095216,0.0,0.03634959695455645,10.37425027585539,10.410599872809946
child#003,51.32655591371188,37.09397470865361,11.579469377634515,24.200347136126954,3.7441110835606253,4.519704845423907,15.686660223945948,20.206365069369866
child#008,34.56484006942723,45.623605256632786,19.811554673939995,37.44111083560625,15.125216960079346,13.938921234784331,28.0154217562313,41.954342991015636
child#004,66.62534093726754,23.134143317629558,10.240515745102902,13.265559137118771,1.8100669476816267,2.4347890348198358,7.430734773584355,9.865523808404188
adolescent#003,68.13786263327547,31.862137366724525,0.0,19.390032234068933,0.0,0.03128014567694025,11.697098663967548,11.728378809644486
adolescent#002,50.26035209521448,43.342424993801146,6.397222910984379,22.36548475080585,0.12397718819737169,1.0750581895547047,15.621840950474512,16.696899140029213
adolescent#008,58.39325564096206,40.93726754277213,0.6694768162658071,22.4150756260848,0.0,0.6208566402380886,13.962297856757877,14.583154496995963
