,70<=BG<=180,BG>180,BG<70,BG>250,BG<50,LBGI,HBGI,Risk Index
adult#010,69.89833870567816,30.101661294321847,0.0,16.34019340441359,0.0,0.1101549320376863,9.336746011584015,9.4469009436217
adult#009,56.335234316885696,34.81279444582197,8.85197123729234,19.588395735184726,0.4463178775105381,1.4763158295319725,11.885919595786637,13.36223542531861
adult#006,72.45226878254401,27.54773121745599,0.0,18.794941730721547,0.0,0.010558914637625812,10.87432465027826,10.884883564915889
child#003,51.89685097941978,38.33374659062733,9.769402429952889,24.547483263079595,3.2482023307711385,2.937206064642987,16.183371981659757,19.120578046302747
child#008,34.81279444582197,45.97074138358542,19.216464170592612,37.88742871311679,14.554921894371436,12.044491509649472,28.42633851265335,40.4708300223028
child#004,75.62608480039673,21.819985122737418,2.553930076865857,13.439127200595092,0.42152243987106375,1.0713674439538505,7.4303046662542,8.501672110208048
adolescent#003,66.179023059757,33.820976940243,0.0,19.737168361021574,0.0,0.010533268626349332,12.162889554754361,12.173422823380708
adolescent#002,50.92982891148029,44.780560376890655,4.28961071162906,23.010166129432186,0.0,0.8477910202737281,16.009402271900576,16.857193292174312
adolescent#008,58.09571038928837,41.656335234316884,0.24795437639474338,22.73741631539797,0.0,0.5053915457217146,14.260346851802577,14.765738397524293
