,70<=BG<=180,BG>180,BG<70,BG>250,BG<50,LBGI,HBGI,Risk Index
adult#001,92.04066451772874,7.959335482271262,0.0,0.0,0.0,0.33884095776642614,2.5232182527724802,2.8620592105389058
